{"pixels_at_two_feet_two_targets": 600, "pixels_at_two_feet_one_target": 250, "hue": [53.417266187050366, 75.5631399317406], "sat": [208.67805755395685, 255.0], "val": [18.34532374100722, 255.0]}